id,table,column,datatype,datatype_description,values,definitions,conditions
1,aw_data_civcas_incidents,id,int(11) unsigned,Whole number,,,
2,aw_data_civcas_incidents,post_id,int(11),Whole number,,,
3,aw_data_civcas_incidents,post_status,varchar(255),Text (short),draft ; publish,,
6,aw_data_civcas_incidents,permalink,varchar(255),Text (short),,,
7,aw_data_civcas_incidents,code,varchar(255),Text (short),,,
8,aw_data_civcas_incidents,previous_codes,varchar(255),Text (short),,,
9,aw_data_civcas_incidents,date_type,varchar(255),Text (short),date ; date_range,Date: Incident occurred on a single date ; Date range: Incident occurred over multiple days,
10,aw_data_civcas_incidents,date,date,Date,,"Date of the Incident, or start date of the incident when ‘Date range’ is selected",
11,aw_data_civcas_incidents,date_end,date,Date,,End date of the incident when ‘Date range’ is selected,incident_date_type = date_range
12,aw_data_civcas_incidents,local_time_type,varchar(255),Text (short),unknown ; exact ; approximate ; window ; first_reported ; approximate_time_of_day,Type of time of day reported by local sources given that precision varies ; Unknown: Unknown ; Exact: Sources indicate a precise time (e.g. 10am) ; Approximate: Sources indicate a time of day or window but there was no consensus ; Window: Sources indicate a time range (e.g. between 16:00 and 17:00) ; First reported: Timestamp according to the first published sources ; Approximate time of day: Sources describe a ‘time of day’ (e.g. morning),
13,aw_data_civcas_incidents,local_time,time,Time only,,,incident_local_time_type = exact OR incident_local_time_type = approximate
14,aw_data_civcas_incidents,local_time_start,time,Time only,,,incident_local_time_type = window
15,aw_data_civcas_incidents,local_time_end,time,Time only,,,incident_local_time_type = window
16,aw_data_civcas_incidents,local_time_of_day,varchar(255),Text (short),around_dawn ; around_midday ; around_dusk ; around_midnight ; after_midnight ; during_the_day ; during_the_night ; morning ; afternoon ; evening,,incident_local_time_type = approximate_time_of_day
17,aw_data_civcas_incidents,local_first_reported_date_time,datetime,Date and time,,,incident_local_time_type = first_reported
18,aw_data_civcas_incidents,local_first_reported_by,varchar(255),Text (short),,,
19,aw_data_civcas_incidents,local_first_reported_url,text,Text (long),,,
20,aw_data_civcas_incidents,country_slug,varchar(255),Text (short),,,
21,aw_data_civcas_incidents,location_name,text,Text (long),,,
22,aw_data_civcas_incidents,location_name_local,text,Text (long),,,
23,aw_data_civcas_incidents,region,varchar(255),Text (short),,The lowest administrative level in which the incident took place. Airwars maintains a set list of 'regions' per context. These lists may be provided upon request,
24,aw_data_civcas_incidents,strike_status_slug,varchar(255),Text (short),contested-strike ; declared-strike ; likely-strike ; single-source-claim ; unknown,"Grade indicating the degree to which sources reported the same belligerent(s) ; Contested strike: No consensus found in local reporting regarding the cause of civilian harm (e.g. the strike could have resulted either from Syrian regime or Russian forces) ; Declared strike: The belligerent themselves declared that the strike took place (in these cases, the full belligerent statement will be included in the assessment) ; Likely strike: Based on available material, there was consensus that the belligerent accused was the belligerent responsible for the strike ; Single source claim: Only one source claimed that the strike resulted from the actions of a single belligerent",
25,aw_data_civcas_incidents,strike_type_slug,varchar(255),Text (short),airstrike ; airstrike-and-or-artillery ; artillery ; counter-terrorism-action-ground ; drone-strike ; ground-operation ; naval-bombardment ; unknown,The method of military action or operation type,
26,aw_data_civcas_incidents,targeted_belligerent_slug,varchar(255),Text (short),afghan-taliban ; al-qaeda ; al-qaeda-in-east-africa ; al-qaeda-in-the-arabian-peninsula-aqap ; al-qaeda-in-the-maghreb-aqim ; al-qaeda-hts ; al-shabaab ; assad-regime ; free-syrian-army ; gadaffi ; gaddafi-forces ; gna ; haqqani-network ; hezbollah ; houthis ; iranian-military ; iraqi-militias-pmus ; isis ; isis-libya ; isis-pakistan ; isis-somalia ; isis-yemen ; israeli-military ; libyan-rebel-forces ; lna ; nato-forces ; other ; pakistan-taliban ; palestinian-forces ; russian-military ; tribal-forces ; turkish-forces ; ukrainian-military ; unknown ; us ; ypg-sdf,The name of the targeted belligerent(s),
27,aw_data_civcas_incidents,observation_slug,varchar(255),Text (short),civilians-arrested ; civilians-missing ; civilians-pulled-from-rubble ; cluster-munitions ; declared-evacuation-zone ; double-tap-strike ; during-prayer ; entire-family-killed ; evidence-of-fire ; explicit-mention-of-no-military-target ; foreign-passport-holder ; garden ; hostage-killed-or-injured ; images-of-munitions ; in-a-vehicle ; indoors ; newly-displaced-killed-or-injured ; no-warning ; outdoors ; previous-injury ; safe-zone ; survivor-imprisoned ; torture ; us-sourced-munition ; warning-given,Notable characteristics or recurring features noted across incidents,
28,aw_data_civcas_incidents,impact_slug,varchar(255),Text (short),education ; food ; healthcare,"Education: Schools or any education infrastructure reportedly damaged or destroyed, students or school staff (teachers, etc) killed or injured ; Food: Food infrastructure reportedly damaged or destroyed (food market, water infrastructure, agricultural land, farm, food factory,, etc.), civilians injured or killed working in the food sector (farmers, fisherman, etc.), livestock killed or injured, agricultural machinery (tractor) damaged or destroyed ; Healthcare: Reported damage or destruction to healthcare infrastructure or health vehicles (ambulance, etc.), healthcare staff (doctors, nurses,, rescuers, etc.), killed or injured including if they were not in a healthcare facility (doctors harmed at home)",
29,aw_data_civcas_incidents,pattern_slug,varchar(255),Text (short),,,
30,aw_data_civcas_incidents,total_strikes,int(11),Whole number,,,
31,aw_data_civcas_incidents,civilian_harm_reported,tinyint(1),True or False,,,
32,aw_data_civcas_incidents,civilian_harm_status_slug,varchar(255),Text (short),confirmed ; fair ; weak ; contested ; discounted ; unknown,"Grade indicating the strength of available reporting on civilian harm ; Confirmed: A specific belligerent has accepted responsibility for civilian harm. ; Fair: Reported by two or more credible sources, with likely or confirmed near actions by a belligerent. ; Weak: Single source claim, though sometimes featuring significant information. ; Contested: Competing claims of responsibility e.g. multiple belligerents, or casualties also attributed to ground forces. ; Discounted: Those killed were combatants, or other parties most likely responsible. ; See: https://airwars.org/about/methodology/",
33,aw_data_civcas_incidents,cause_of_death_injury_slug,varchar(255),Text (short),accidents-related-to-conflict ; chemical-biological-radiological-nuclear-cbrn ; denial-of-access-to-destruction-of-objects-indispensable-to-survival ; electromagnetic-weapons ; heavy-weapons-and-explosive-munitions ; incendiary ; less-lethal-weapons ; planted-explosives-and-unexploded-ordnance-uxo ; run-over-by-vehicle ; small-arms-and-light-weapons ; unknown ; use-of-objects-and-other-means,Reported source(s) of harm,
35,aw_data_civcas_incidents,latitude,double,Large decimal,,,
36,aw_data_civcas_incidents,longitude,double,Large decimal,,,
38,aw_data_civcas_incidents,geolocation_accuracy_slug,varchar(255),Text (short),province_governorate ; district ; subdistrict ; city ; town ; village ; neighbourhood_area ; street ; nearby_landmark ; within_100m ; within_1m ; exact_location ; exact_location_coalition ; exact_location_other,Grade indicating the accuracy of the Geolocation process according to sources available ; See: https://airwars.org/about/methodology/,
43,aw_data_civcas_incidents,num_victims,int(11),Whole number,,,
44,aw_data_civcas_incidents,num_victims_named,int(11),Whole number,,,
45,aw_data_civcas_incidents,num_victims_named_english,int(11),Whole number,,,
46,aw_data_civcas_incidents,num_victims_named_local,int(11),Whole number,,,
47,aw_data_civcas_incidents,num_reconciled,int(11),Whole number,,,
48,aw_data_civcas_incidents,num_families,int(11),Whole number,,,
49,aw_data_civcas_incidents,num_individuals,int(11),Whole number,,,
50,aw_data_civcas_incidents,victim_average_age,int(11),Whole number,,,
51,aw_data_civcas_incidents,num_sources,int(11),Whole number,,,
52,aw_data_civcas_incidents,num_sources_twitter,int(11),Whole number,,,
53,aw_data_civcas_incidents,num_sources_facebook,int(11),Whole number,,,
54,aw_data_civcas_incidents,num_sources_telegram,int(11),Whole number,,,
55,aw_data_civcas_incidents,num_sources_other,int(11),Whole number,,,
56,aw_data_civcas_incidents,num_media,int(11),Whole number,,,
57,aw_data_civcas_incidents,declassified_assessment,varchar(255),Text (short),,"Reflecting US DoD reporting systems: a declassified assessment (long internal report that was made public after FOIA litigation), relating to US military action",
58,aw_data_civcas_incidents,press_release,varchar(255),Text (short),,"Reflecting US DoD reporting systems: a public press release (minimal detail acknowledging harm intended for public audiences), released by the US military and relating to US military action.",
59,aw_data_civcas_incidents,civilian_non_combatants_killed_min,int(11),Whole number,,,
60,aw_data_civcas_incidents,civilian_non_combatants_killed_max,int(11),Whole number,,,
61,aw_data_civcas_incidents,civilian_non_combatants_injured_min,int(11),Whole number,,,
62,aw_data_civcas_incidents,civilian_non_combatants_injured_max,int(11),Whole number,,,
63,aw_data_civcas_incidents,children_killed_min,int(11),Whole number,,"Airwars follows the ICRC designation of child soldiers in conflict: if those 17 or under are armed, Airwars designate those killed as combatants. See https://www.icrc.org/sites/default/files/external/doc/en/assets/files/other/icrc-002-0990.pdf",civilian_non_combatants_killed_min
64,aw_data_civcas_incidents,children_killed_max,int(11),Whole number,,"Airwars follows the ICRC designation of child soldiers in conflict: if those 17 or under are armed, Airwars designate those killed as combatants. See https://www.icrc.org/sites/default/files/external/doc/en/assets/files/other/icrc-002-0990.pdf",civilian_non_combatants_killed_max
65,aw_data_civcas_incidents,children_injured_min,int(11),Whole number,,"Airwars follows the ICRC designation of child soldiers in conflict: if those 17 or under are armed, Airwars designate those killed as combatants. See https://www.icrc.org/sites/default/files/external/doc/en/assets/files/other/icrc-002-0990.pdf",civilian_non_combatants_injured_min
66,aw_data_civcas_incidents,children_injured_max,int(11),Whole number,,"Airwars follows the ICRC designation of child soldiers in conflict: if those 17 or under are armed, Airwars designate those killed as combatants. See https://www.icrc.org/sites/default/files/external/doc/en/assets/files/other/icrc-002-0990.pdf",civilian_non_combatants_injured_max
67,aw_data_civcas_incidents,women_killed_min,int(11),Whole number,,,civilian_non_combatants_killed_min
68,aw_data_civcas_incidents,women_killed_max,int(11),Whole number,,,civilian_non_combatants_killed_max
69,aw_data_civcas_incidents,women_injured_min,int(11),Whole number,,,civilian_non_combatants_injured_min
70,aw_data_civcas_incidents,women_injured_max,int(11),Whole number,,,civilian_non_combatants_injured_max
71,aw_data_civcas_incidents,men_killed_min,int(11),Whole number,,,civilian_non_combatants_killed_min
72,aw_data_civcas_incidents,men_killed_max,int(11),Whole number,,,civilian_non_combatants_killed_max
73,aw_data_civcas_incidents,men_injured_min,int(11),Whole number,,,civilian_non_combatants_injured_min
74,aw_data_civcas_incidents,men_injured_max,int(11),Whole number,,,civilian_non_combatants_injured_max
75,aw_data_civcas_incidents,belligerents_killed_min,int(11),Whole number,,,
76,aw_data_civcas_incidents,belligerents_killed_max,int(11),Whole number,,,
77,aw_data_civcas_incidents,belligerents_injured_min,int(11),Whole number,,,
78,aw_data_civcas_incidents,belligerents_injured_max,int(11),Whole number,,,
79,aw_data_civcas_belligerents,id,int(11) unsigned,Whole number,,,
80,aw_data_civcas_belligerents,post_id,int(11),Whole number,,Refers to post_id from aw_data_civcas_incidents,
81,aw_data_civcas_belligerents,code,varchar(255),Text (short),,Refers to code from aw_data_civcas_incidents,
82,aw_data_civcas_belligerents,belligerent_id,int(11),Whole number,,,
83,aw_data_civcas_belligerents,belligerent_slug,varchar(255),Text (short),7th-brigade ; amisom-military-forces ; australian-military ; bahrain-military ; belgian-military ; canadian-military ; chadian-military ; danish-military ; dutch-military ; egyptian-military ; ethiopian-military-forces ; eu-military ; free-syrian-army ; french-military ; gaddafi-forces ; general-national-congress ; gna-turkish-military ; government-of-national-accord ; hezbollah-forces ; houthi-forces ; international-forces-unknown ; iranian-military ; iraq-government-forces ; iraq-irregular-forces ; isis ; israeli-military ; italian-military ; jordanian-military ; kenyan-defense-forces ; kenyan-military-forces ; kurdish-forces ; libyan-national-army ; libyan-rebel-forces ; lna-uae-military-egyptian-military ; nato-forces ; pakistani-military-forces ; palestinian-militants ; rebel-forces ; russian-military ; saudi-led-coalition ; somali-military-forces ; syrian-democratic-forces ; syrian-regime ; syrian-transitional-government-forces ; tribal-forces ; turkish-military ; us-forces ; us-security-contractors ; coalition ; uk-military ; ukrainian-military ; united-arab-emirates-military ; unknown ; yemeni-air-force ; ypg,"Reported perpetrator (military, militant group, coalition, etc.) ; Gaddafi Forces: Military forces loyal to Libyan dictator Muammar Gaddafi played a major role at the beginning of the Libyan Civil War in 2011, engaging in direct military action against rebels and NATO forces trying to overthrow the Gaddafir regime.
Airwars documented allegations of civilian harm from Gaddafi forces throughout the civil war. ; Government of National Accord: The Libyan Government of National Accord was the internationally-recognised government of Libya for the period 2015-2021. Its forces played a major role in the Libyan Civil War, in particular in conflict with the Libyan National Army of General Khalifa Haftar.
Airwars documented allegations of civilian harm from GNA and allied military actors throughout the Libyan Civil War. ; Iranian Military: The Iranian military has been directly and indirectly active in a number of modern military conflicts, including in Syria, and is engaged in an ongoing low intensity conflict with Israel.
Airwars has documented dozens of allegations of civilian harm from actions involving Iran-backed militant groups in Syria since 2017. ; Israeli Military: The Israel Defense Forces (IDF) have been active in a number of military campaigns, ostensibly against Palestinian militant groups and Iran-backed affiliates, leading to interventions in Gaza and the West Bank, Lebanon, Syria and Yemen.
Airwars has documented allegations of civilian harm from IDF actions in Gaza in May 2021 and since 2023, in Lebanon since 2024, Yemen since 2023 and in Syria over several decades. Airwars has produced a number of major investigations and research papers on harm caused by the IDF. ; Libyan National Army: The Libyan National Army, a separatist group under the control of General Khalifa Haftar, was directly active in the Libyan civil war against the forces of the Government of National Accord.
Airwars documented allegations of civilian harm caused by the Libyan National Army throughout the war. ; NATO forces: NATO forces have been directly active in a number of modern conflicts, including in Afghanistan and against the military of Libyan dictator Muammar Gaddafi in Libya in 2011.
Airwars documented hundreds of allegations of civilian harm from strikes in Libya in 2011, and has undertaken a number of investigations into NATO conduct. ; Palestinian Militants: Airwars tracked all allegations of civilian harm caused by Palestinian militants during the 2021 war between Israel and militant groups in Gaza. These were often reported due to misfiring rockets aimed at Israel, which landed in Gaza.
Following the large-scale attack on October 7, 2023 carried out by members of Hamas and other Palestinian militant groups, attributing civilian harm in Gaza to Palestinian militant action became less common, likely in part due to the overall scale and intensity of the wider bombardment. As such, where there is ambiguity regarding the perpetrator of civilian harm in Gaza, the incident will appear on this page, to facilitate further inquiry. ; Russian Military: The armed forces of Russia have been directly or indirectly active in a number of modern conflicts, including the 2022 full-scale invasion in Ukraine and through the provision of support to President Assad in Syria for almost a decade.
Airwars has documented thousands of allegations of civilian harm from alleged Russian strikes in Syria and Ukraine, and has produced a number of major investigations and research papers. ; Turkish Military: The armed forces of Türkiye have been directly or indirectly active in a number of modern conflicts, including Syria, Iraq, Libya, Somalia and Nagorno-Karabakh.
Airwars has documented allegations of civilian harm from Turkish actions in Iraq and Syria since 2015. ; U.S. Forces: The armed forces of the United States have been directly active in a number of military campaigns in recent decades, including in Afghanistan, Iraq, Syria, Yemen and Somalia.
Airwars has documented allegations of civilian harm from U.S. actions in multiple contexts including Somalia and Yemen, as well as conducted a number of major investigations. ; U.S.-led Coalition: The U.S.-led coalition in Iraq and Syria &#8211; officially known as Operation Inherent Resolve &#8211; has been directly active in a conflict with the Islamic State since August 2014.
Airwars has documented thousands of allegations of civilian harm from U.S.-led Coalition strikes across both countries since 2014, and produced a number of major research papers and investigations on the subject.",
84,aw_data_civcas_belligerents,type,varchar(255),Text (short),suspected ; known,"Whether the belligerent made a public statement, or was named by local sources only ; Suspected: local sources only ; Known: statement made",
85,aw_data_civcas_belligerents,assessment_slug,varchar(255),Text (short),credible-substantiated ; duplicate ; non-credible-unsubstantiated ; not-yet-assessed ; open-incident ; under-investigation,"Statements released by the perpetrator on their military action(s) and the resulting civilian harm if acknowledged ; Credible / Substantiated: Belligerent confirmed the incident ; Duplicate: Incident was deemed a ‘duplicate’ by the belligerent (note - duplicate values can be very unclear) ; Non credible / Unsubstantiated: Incident was rejected by the belligerent after an investigation ; Not yet assessed: Incident has not yet been assessed (note - this is not a consistent application of this code, this may also have been left as a blank field) ; Open incident: Incident has officially been deemed 'open' by the belligerent ; Under investigation: Belligerent is investigating the incident",
86,aw_data_civcas_belligerents,deaths_conceded_min,int(11),Whole number,,,
87,aw_data_civcas_belligerents,deaths_conceded_max,int(11),Whole number,,,
88,aw_data_civcas_belligerents,injuries_conceded_min,int(11),Whole number,,,
89,aw_data_civcas_belligerents,injuries_conceded_max,int(11),Whole number,,,
90,aw_data_civcas_belligerents,location,varchar(255),Text (short),,Location given by belligerent in their statement,belligerents belligerent_assessment != not_yet_assessed
91,aw_data_civcas_belligerents,mgrs_coordinate,varchar(255),Text (short),,Military Grid Reference System (MGRS),
92,aw_data_civcas_belligerents,mgrs_accuracy,varchar(255),Text (short),1 m ; 10 m ; 100 m,Accuracy of MGRS code,
93,aw_data_civcas_belligerents,civcas_statements,text,Text (long),,Copy of statement by the belligerent regarding CIVCAS allegation,
94,aw_data_civcas_belligerents,strike_reports,text,Text (long),,Copy of the strike report(s) relating to the incident and released by the belligerent,
95,aw_data_civcas_infrastructure,id,int(11) unsigned,Whole number,,,
96,aw_data_civcas_infrastructure,post_id,int(11),Whole number,,Refers to post_id from aw_data_civcas_incidents,
97,aw_data_civcas_infrastructure,code,varchar(255),Text (short),,Refers to code from aw_data_civcas_incidents,
98,aw_data_civcas_infrastructure,infrastructure_group_slug,varchar(255),Text (short),agriculture ; commerce ; communications ; cultural-site ; education ; emergency-services ; financial ; healthcare ; humanitarian ; idp-camp ; legal ; media ; religious ; residential ; resources ; transportation ; vehicle ; warehouse ; water,Type of affected facility or location,
99,aw_data_civcas_infrastructure,infrastructure_slug,varchar(255),Text (short),agricultural-land ; agriculture ; aid-convoy ; airport ; ambulance ; apartment-building ; atm ; bakery ; bank ; bicycle ; boat ; border-crossing ; bridge ; bus ; bus-stop ; butcher ; car ; church ; civil-defense-station ; clinic ; commerce ; communications ; construction-material ; consumer-goods ; courthouse ; cultural-site ; dam ; desalination-plant ; doctors-office ; education ; emergency-services ; equipment-machinery ; evacuation-route ; factory ; financial ; fire-station ; food-warehouse ; food-water-distribution ; gas-facility ; generator ; greenhouse ; grocery-store ; healthcare ; hospital ; house ; humanitarian ; idp-camp ; internet ; irrigation-system ; jail ; legal ; livestock ; market ; media ; military ; ministry ; mobile ; mosque ; motorcycle ; non-food-distribution ; nursery ; office ; oil-facility ; pharmacy ; police-station ; port ; power-station ; prayer-space ; primary-school ; prison ; produce-stand ; radio ; radio-station ; raw-material ; registration-site ; religious ; religious-school ; residential ; resources ; road ; roundabout ; secondary-school ; sewage-line ; shop ; silo ; solar-panels ; stabilisation-site ; storage ; synagogue ; telephone ; temple ; temporary-healthcare-facility ; temporary-office ; train-station ; transportation ; truck ; tunnel ; tv ; tv-station ; university-college ; vaccination-site ; vehicle ; vocational-school ; warehouse ; wastewater-treatment-plant ; water-warehouse ; water ; water-line ; water-tank ; well ; wind-turbine,Type of affected facility or location,
100,aw_data_civcas_infrastructure,infrastructure_affiliation_slug,varchar(255),Text (short),,taxnomy_infrastructure_affiliation,
101,aw_data_civcas_infrastructure,infrastructure_declared_target_slug,varchar(255),Text (short),no ; yes,,
102,aw_data_civcas_infrastructure,infrastructure_destruction_slug,varchar(255),Text (short),complete ; partial,Extent of destruction depending on imagery available or source description,
104,aw_data_civcas_victims,id,int(11) unsigned,Whole number,,,
105,aw_data_civcas_victims,post_id,int(11),Whole number,,Refers to post_id from aw_data_civcas_incidents,
106,aw_data_civcas_victims,code,varchar(255),Text (short),,Refers to code from aw_data_civcas_incidents,
107,aw_data_civcas_victims,date,date,Date,,Refers to date from aw_data_civcas_incidents,
108,aw_data_civcas_victims,name,varchar(255),Text (short),,English transliteration,
109,aw_data_civcas_victims,name_local,varchar(255),Text (short),,,
110,aw_data_civcas_victims,profession,varchar(255),Text (short),agriculture ; art ; civil-service ; commerce ; education ; emergency-response ; engineering ; government ; healthcare ; humanitarian ; journalism ; law ; religion ; security ; sports ; transportation ; united-nations,"Agriculture: farmers, herders and professions related to agriculture, dairy, and livestock ; Art: artists, poets, writers, musicians (including those working in creative fields) ; Civil Service: bureaucrats or others employed by national or local governments (including police and border guards) ; Education: teachers, professors, nursery school instructors (including those employed by educational institutions) ; Emergency Response: individual responds to incidents or injuries in the field (this includes ambulance operators and their crews, civil defense workers, and firefighters) ; Engineering: individuals working in traditional engineering roles and digital technological roles (such as web developers, software engineers, etc.) ; Government: elected officials, politicians (such as mayors or members of political councils) ; Healthcare: doctors, dentists, pharmacists, nurses, veterinarians (including individuals working in the healthcare field or within a healthcare facility) ; Journalism: individual works in news or media and is involved in producing journalistic content (this includes correspondents, video producers, cameramen, etc., and ""drivers"" or ""fixers"" who are employed by news or media organisation) ; Law: lawyers, judges, notaries (including those reporting directly to a lawyer or clerk) ; Religion: clerical figures in all religions (including those employed within religious facilities, such as Muezzins and Sacristans), as well as anyone who was employed by a religious institution ; Sports: professional athletes playing for national or club level leagues ; Transportation: bus drivers, cab drivers, pilots, and other related professions",
111,aw_data_civcas_victims,gender,varchar(255),Text (short),female ; male,,
112,aw_data_civcas_victims,pregnant,tinyint(1),True or False,,,
113,aw_data_civcas_victims,age_group,varchar(255),Text (short),child ; adult,May be NULL if no sources indicate age group,
114,aw_data_civcas_victims,age,int(11),Whole number,,May be NULL if sources do not indicate an exact age,
115,aw_data_civcas_victims,killed_or_injured,varchar(255),Text (short),,,
116,aw_data_civcas_victims,additional_notes,varchar(255),Text (short),,,
117,aw_data_civcas_victims,url,varchar(255),Text (short),,,
118,aw_data_civcas_victims,reconciliation_id,varchar(255),Text (short),,National ID from Palestinian Ministry of Health (MoH),
119,aw_data_civcas_victims,group_code,varchar(255),Text (short),,code for the family to which an individual belongs,
120,aw_data_civcas_victims,in_group,tinyint(1),True or False,,,
121,aw_data_civcas_victims,num_group_members,int(11),Whole number,,,
123,aw_data_civcas_casualties,id,int(11) unsigned,Whole number,,,
124,aw_data_civcas_casualties,post_id,int(11),Whole number,,,
125,aw_data_civcas_casualties,code,varchar(255),Text (short),,,
126,aw_data_civcas_casualties,casualty_type_taxonomy,varchar(255),Text (short),Casualty ; Profession ; Protected Person,,
127,aw_data_civcas_casualties,casualty_type_slug,varchar(255),Text (short),children ; men ; women ; agriculture ; art ; civil-service ; commerce ; education ; emergency-response ; engineering ; government ; healthcare ; humanitarian ; journalism ; law ; religion ; security ; sports ; transportation ; united-nations ; hors-de-combat,"People killed or injured, by demographic ; Agriculture: farmers, herders and professions related to agriculture, dairy, and livestock ; Art: artists, poets, writers, musicians (including those working in creative fields) ; Civil Service: bureaucrats or others employed by national or local governments (including police and border guards) ; Education: teachers, professors, nursery school instructors (including those employed by educational institutions) ; Emergency Response: individual responds to incidents or injuries in the field (this includes ambulance operators and their crews, civil defense workers, and firefighters) ; Engineering: individuals working in traditional engineering roles and digital technological roles (such as web developers, software engineers, etc.) ; Government: elected officials, politicians (such as mayors or members of political councils) ; Healthcare: doctors, dentists, pharmacists, nurses, veterinarians (including individuals working in the healthcare field or within a healthcare facility) ; Journalism: individual works in news or media and is involved in producing journalistic content (this includes correspondents, video producers, cameramen, etc., and ""drivers"" or ""fixers"" who are employed by news or media organisation) ; Law: lawyers, judges, notaries (including those reporting directly to a lawyer or clerk) ; Religion: clerical figures in all religions (including those employed within religious facilities, such as Muezzins and Sacristans), as well as anyone who was employed by a religious institution ; Sports: professional athletes playing for national or club level leagues ; Transportation: bus drivers, cab drivers, pilots, and other related professions ; Hors de Combat: injured soldiers and or militants, political figures or leaders who are incapacitated, and prisoners of war",
128,aw_data_civcas_casualties,casualty_affiliation_slug,varchar(255),Text (short),civil-society ; foreign-government ; humanitarian ; local-authority ; militant ; private ; united-nations,,
129,aw_data_civcas_casualties,while_working,tinyint(1),True or False,,,
130,aw_data_civcas_casualties,killed_min,int(11),Whole number,,,
131,aw_data_civcas_casualties,killed_max,int(11),Whole number,,,
132,aw_data_civcas_casualties,injured_min,int(11),Whole number,,,
133,aw_data_civcas_casualties,injured_max,int(11),Whole number,,,
